﻿Outcome 3 Result 3a Measures of Association Table
" "
Generated by TriNetX
" "
Notes
56 patients in Cohort 1 and 16 patients in Cohort 2 were excluded from results because they had the outcome prior to the time window.
" "
" "
Cohort Statistics
Cohort,Cohort Name,Patients in Cohort,Patients with Outcome,Risk
1,CX2 7.0,11100,374,0.033693693693693696
2,Unnamed,11100,129,0.011621621621621621
" "
" "
Risk Difference
Risk Difference,95 % CI Lower,95 % CI Upper,z,p
0.022072072072072076,0.018167775215396337,0.025976368928747814,11.049909842308331,2.19435143703113e-28
" "
" "
Risk Ratio
Risk Ratio,95 % CI Lower,95 % CI Upper
2.8992248062015507,2.3775048422996328,3.5354310651011014
" "
" "
Odds Ratio
Odds Ratio,95 % CI Lower,95 % CI Upper
2.965448009401194,2.423317590361235,3.6288606707759805