﻿Outcome 8 Result 8b Kaplan-Meier Table
" "
Generated by TriNetX
" "
" "
Cohort Statistics
Cohort,Cohort Name,Patients in Cohort,Patients with Outcome,Median Survival (Days),Survival Probability at End of Time Window
1,CX2 7.0,11100,38,,0.9962020684349177
2,Unnamed,11100,40,,0.9963963963963975
" "
" "
Log-Rank Test
χ²,df,p
0.09125459336726027,1,0.7625882180373479
" "
" "
Hazard Ratio
Hazard Ratio,95 % CI Lower,95 % CI Upper
1.070914,0.6865405,1.670486
" "
" "
Proportionality
χ²,df,p
0.5328626,1,0.4654058