﻿Outcome 7 Result 7b Kaplan-Meier Table
" "
Generated by TriNetX
" "
Notes
37 patients in Cohort 1 and 10 patients in Cohort 2 were excluded from results because they had the outcome prior to the time window.
" "
" "
Cohort Statistics
Cohort,Cohort Name,Patients in Cohort,Patients with Outcome,Median Survival (Days),Survival Probability at End of Time Window
1,CX2 7.0,11063,41,,0.9958999723930742
2,Unnamed,11094,44,,0.9960338921939793
" "
" "
Log-Rank Test
χ²,df,p
0.04451427103538624,1,0.8328997143632022
" "
" "
Hazard Ratio
Hazard Ratio,95 % CI Lower,95 % CI Upper
1.046913,0.683805,1.602835
" "
" "
Proportionality
χ²,df,p
1.817421,1,0.1776206