﻿Outcome 5 Result 5b Kaplan-Meier Table
" "
Generated by TriNetX
" "
Notes
1708 patients in Cohort 1 and 157 patients in Cohort 2 were excluded from results because they had the outcome prior to the time window.
" "
" "
Cohort Statistics
Cohort,Cohort Name,Patients in Cohort,Patients with Outcome,Median Survival (Days),Survival Probability at End of Time Window
1,CX2 7.0,9392,2373,,0.724479831645305
2,Unnamed,10943,881,,0.9194919126382154
" "
" "
Log-Rank Test
χ²,df,p
1356.7141712651683,1,5.353493882716139e-297
" "
" "
Hazard Ratio
Hazard Ratio,95 % CI Lower,95 % CI Upper
3.867992,3.57952,4.179712
" "
" "
Proportionality
χ²,df,p
7.557671,1,0.005975517