﻿Outcome 2 Result 2b Kaplan-Meier Table
" "
Generated by TriNetX
" "
Notes
30 patients in Cohort 1 and 16 patients in Cohort 2 were excluded from results because they had the outcome prior to the time window.
" "
" "
Cohort Statistics
Cohort,Cohort Name,Patients in Cohort,Patients with Outcome,Median Survival (Days),Survival Probability at End of Time Window
1,CX2 7.0,11070,119,,0.9878388126059572
2,Unnamed,11084,90,,0.9918801876578854
" "
" "
Log-Rank Test
χ²,df,p
8.290640806645321,1,0.003984992400446871
" "
" "
Hazard Ratio
Hazard Ratio,95 % CI Lower,95 % CI Upper
1.49196,1.134218,1.962537
" "
" "
Proportionality
χ²,df,p
1.036091,1,0.3087323