﻿Outcome 5 Result 5a Measures of Association Table
" "
Generated by TriNetX
" "
Notes
1708 patients in Cohort 1 and 157 patients in Cohort 2 were excluded from results because they had the outcome prior to the time window.
" "
" "
Cohort Statistics
Cohort,Cohort Name,Patients in Cohort,Patients with Outcome,Risk
1,CX2 7.0,9392,2373,0.2526618398637138
2,Unnamed,10943,881,0.08050808736178379
" "
" "
Risk Difference
Risk Difference,95 % CI Lower,95 % CI Upper,z,p
0.17215375250193005,0.16199393769642434,0.18231356730743575,33.38261877701798,2.4508194135499616e-244
" "
" "
Risk Ratio
Risk Ratio,95 % CI Lower,95 % CI Upper
3.1383411051403183,2.9196088971593506,3.373460363748094
" "
" "
Odds Ratio
Odds Ratio,95 % CI Lower,95 % CI Upper
3.8612764866046256,3.5533134108208184,4.195930497040413