﻿Outcome 2 Result 2a Measures of Association Table
" "
Generated by TriNetX
" "
Notes
30 patients in Cohort 1 and 16 patients in Cohort 2 were excluded from results because they had the outcome prior to the time window.
" "
" "
Cohort Statistics
Cohort,Cohort Name,Patients in Cohort,Patients with Outcome,Risk
1,CX2 7.0,11070,119,0.01074977416440831
2,Unnamed,11084,90,0.00811981234211476
" "
" "
Risk Difference
Risk Difference,95 % CI Lower,95 % CI Upper,z,p
0.0026299618222935493,0.0000840311566446001,0.0051758924879424986,2.024681213435014,0.04290010891539891
" "
" "
Risk Ratio
Risk Ratio,95 % CI Lower,95 % CI Upper
1.3238944093144633,1.0080791023827032,1.7386496782558092
" "
" "
Odds Ratio
Odds Ratio,95 % CI Lower,95 % CI Upper
1.3274140362625433,1.008189673829349,1.7477148094308548