﻿Outcome 4 Result 4b Kaplan-Meier Table
" "
Generated by TriNetX
" "
Notes
966 patients in Cohort 1 and 153 patients in Cohort 2 were excluded from results because they had the outcome prior to the time window.
" "
" "
Cohort Statistics
Cohort,Cohort Name,Patients in Cohort,Patients with Outcome,Median Survival (Days),Survival Probability at End of Time Window
1,CX2 7.0,10134,1844,,0.8003586630912772
2,Unnamed,10947,721,,0.9341372065406046
" "
" "
Log-Rank Test
χ²,df,p
816.0819122693393,1,1.7203111169933172e-179
" "
" "
Hazard Ratio
Hazard Ratio,95 % CI Lower,95 % CI Upper
3.277794,3.006914,3.573078
" "
" "
Proportionality
χ²,df,p
0.8609015,1,0.3534865