﻿Outcome 7 Result 7a Measures of Association Table
" "
Generated by TriNetX
" "
Notes
37 patients in Cohort 1 and 10 patients in Cohort 2 were excluded from results because they had the outcome prior to the time window.
" "
" "
Cohort Statistics
Cohort,Cohort Name,Patients in Cohort,Patients with Outcome,Risk
1,CX2 7.0,11063,41,0.0037060471843080537
2,Unnamed,11094,44,0.003966107806021273
" "
" "
Risk Difference
Risk Difference,95 % CI Lower,95 % CI Upper,z,p
-0.0002600606217132194,-0.0018879649736035296,0.0013678437301770908,-0.3130980088180088,0.7542062018376168
" "
" "
Risk Ratio
Risk Ratio,95 % CI Lower,95 % CI Upper
0.9344292605162169,0.6111259003929466,1.428769493074101
" "
" "
Odds Ratio
Odds Ratio,95 % CI Lower,95 % CI Upper
0.9341853483116411,0.6099693406956795,1.4307313610300672