﻿Outcome 6 Result 6b Kaplan-Meier Table
" "
Generated by TriNetX
" "
Notes
1203 patients in Cohort 1 and 148 patients in Cohort 2 were excluded from results because they had the outcome prior to the time window.
" "
" "
Cohort Statistics
Cohort,Cohort Name,Patients in Cohort,Patients with Outcome,Median Survival (Days),Survival Probability at End of Time Window
1,CX2 7.0,9897,715,,0.9203821890067945
2,Unnamed,10952,426,,0.9611029948867802
" "
" "
Log-Rank Test
χ²,df,p
144.9334089139863,1,2.2208510918202573e-33
" "
" "
Hazard Ratio
Hazard Ratio,95 % CI Lower,95 % CI Upper
2.058665,1.825678,2.321385
" "
" "
Proportionality
χ²,df,p
27.50421,1,1.567525e-7