﻿Outcome 3 Result 3b Kaplan-Meier Table
" "
Generated by TriNetX
" "
Notes
56 patients in Cohort 1 and 16 patients in Cohort 2 were excluded from results because they had the outcome prior to the time window.
" "
" "
Cohort Statistics
Cohort,Cohort Name,Patients in Cohort,Patients with Outcome,Median Survival (Days),Survival Probability at End of Time Window
1,CX2 7.0,11044,342,,0.9649020407037863
2,Unnamed,11084,125,,0.9887224828581741
" "
" "
Log-Rank Test
χ²,df,p
134.1598737226271,1,5.04084553199901e-31
" "
" "
Hazard Ratio
Hazard Ratio,95 % CI Lower,95 % CI Upper
3.152352,2.567907,3.869815
" "
" "
Proportionality
χ²,df,p
0.01606455,1,0.8991414