﻿Outcome 4 Result 4a Measures of Association Table
" "
Generated by TriNetX
" "
Notes
966 patients in Cohort 1 and 153 patients in Cohort 2 were excluded from results because they had the outcome prior to the time window.
" "
" "
Cohort Statistics
Cohort,Cohort Name,Patients in Cohort,Patients with Outcome,Risk
1,CX2 7.0,10134,1844,0.1819617130451944
2,Unnamed,10947,721,0.06586279345939527
" "
" "
Risk Difference
Risk Difference,95 % CI Lower,95 % CI Upper,z,p
0.11609891958579913,0.10726616879551484,0.12493167037608341,25.762886522606955,2.3118204201531917e-146
" "
" "
Risk Ratio
Risk Ratio,95 % CI Lower,95 % CI Upper
2.7627390744878544,2.545895614410723,2.9980519038164455
" "
" "
Odds Ratio
Odds Ratio,95 % CI Lower,95 % CI Upper
3.154836885507831,2.880904763647141,3.4548159660649627