﻿Outcome 1 Result 1b Kaplan-Meier Table
" "
Generated by TriNetX
" "
" "
Cohort Statistics
Cohort,Cohort Name,Patients in Cohort,Patients with Outcome,Median Survival (Days),Survival Probability at End of Time Window
1,CX2 7.0,11100,762,,0.9224950274585719
2,Unnamed,11100,476,,0.957117117117117
" "
" "
Log-Rank Test
χ²,df,p
113.78880900763808,1,1.4495330353911218e-26
" "
" "
Hazard Ratio
Hazard Ratio,95 % CI Lower,95 % CI Upper
1.848666,1.64838,2.073288
" "
" "
Proportionality
χ²,df,p
1.460039,1,0.2269239