﻿Outcome 6 Result 6a Measures of Association Table
" "
Generated by TriNetX
" "
Notes
1203 patients in Cohort 1 and 148 patients in Cohort 2 were excluded from results because they had the outcome prior to the time window.
" "
" "
Cohort Statistics
Cohort,Cohort Name,Patients in Cohort,Patients with Outcome,Risk
1,CX2 7.0,9897,715,0.07224411437809437
2,Unnamed,10952,426,0.03889700511322133
" "
" "
Risk Difference
Risk Difference,95 % CI Lower,95 % CI Upper,z,p
0.03334710926487305,0.027091764618297768,0.03960245391144832,10.57146584267174,4.0412794878909155e-26
" "
" "
Risk Ratio
Risk Ratio,95 % CI Lower,95 % CI Upper
1.8573181705842479,1.6525057311454852,2.087515172725724
" "
" "
Odds Ratio
Odds Ratio,95 % CI Lower,95 % CI Upper
1.9240773180431605,1.7010803110414205,2.1763073158737054