﻿Outcome 5 Result 5a Measures of Association Table
" "
Generated by TriNetX
" "
Notes
3685 patients in Cohort 1 and 373 patients in Cohort 2 were excluded from results because they had the outcome prior to the time window.
" "
" "
Cohort Statistics
Cohort,Cohort Name,Patients in Cohort,Patients with Outcome,Risk
1,CX1 7.0,24261,5508,0.2270310374675405
2,Unnamed,27573,2062,0.07478330250607479
" "
" "
Risk Difference
Risk Difference,95 % CI Lower,95 % CI Upper,z,p
0.1522477349614657,0.14612992795580318,0.15836554196712824,48.97577232959769,0
" "
" "
Risk Ratio
Risk Ratio,95 % CI Lower,95 % CI Upper
3.035851986465807,2.8948197481618347,3.1837551507587496
" "
" "
Odds Ratio
Odds Ratio,95 % CI Lower,95 % CI Upper
3.6338081930169546,3.44278838684073,3.8354265496272033