﻿Outcome 8 Result 8b Kaplan-Meier Table
" "
Generated by TriNetX
" "
" "
Cohort Statistics
Cohort,Cohort Name,Patients in Cohort,Patients with Outcome,Median Survival (Days),Survival Probability at End of Time Window
1,CX1 7.0,27946,122,,0.9950438845149474
2,Unnamed,27946,90,,0.9967795033278464
" "
" "
Log-Rank Test
χ²,df,p
9.68764576508224,1,0.0018551107247152393
" "
" "
Hazard Ratio
Hazard Ratio,95 % CI Lower,95 % CI Upper
1.536662,1.170006,2.018222
" "
" "
Proportionality
χ²,df,p
0.1490392,1,0.6994552