﻿Outcome 2 Result 2a Measures of Association Table
" "
Generated by TriNetX
" "
Notes
100 patients in Cohort 1 and 34 patients in Cohort 2 were excluded from results because they had the outcome prior to the time window.
" "
" "
Cohort Statistics
Cohort,Cohort Name,Patients in Cohort,Patients with Outcome,Risk
1,CX1 7.0,27846,357,0.01282051282051282
2,Unnamed,27912,214,0.0076669532817426195
" "
" "
Risk Difference
Risk Difference,95 % CI Lower,95 % CI Upper,z,p
0.005153559538770201,0.0034822849909049783,0.006824834086635423,6.043678200025698,1.5063982330404093e-9
" "
" "
Risk Ratio
Risk Ratio,95 % CI Lower,95 % CI Upper
1.6721782890007189,1.4126898829391874,1.9793305409590307
" "
" "
Odds Ratio
Odds Ratio,95 % CI Lower,95 % CI Upper
1.6809078771695594,1.417745158276613,1.9929190200622833