﻿Outcome 6 Result 6b Kaplan-Meier Table
" "
Generated by TriNetX
" "
Notes
2707 patients in Cohort 1 and 361 patients in Cohort 2 were excluded from results because they had the outcome prior to the time window.
" "
" "
Cohort Statistics
Cohort,Cohort Name,Patients in Cohort,Patients with Outcome,Median Survival (Days),Survival Probability at End of Time Window
1,CX1 7.0,25239,1695,,0.9268306074702755
2,Unnamed,27585,1042,,0.9622258473808235
" "
" "
Log-Rank Test
χ²,df,p
297.4703762564357,1,1.1719223677791651e-66
" "
" "
Hazard Ratio
Hazard Ratio,95 % CI Lower,95 % CI Upper
1.948828,1.803985,2.1053
" "
" "
Proportionality
χ²,df,p
52.88193,1,3.542129e-13