﻿Outcome 6 Result 6a Measures of Association Table
" "
Generated by TriNetX
" "
Notes
2707 patients in Cohort 1 and 361 patients in Cohort 2 were excluded from results because they had the outcome prior to the time window.
" "
" "
Cohort Statistics
Cohort,Cohort Name,Patients in Cohort,Patients with Outcome,Risk
1,CX1 7.0,25239,1695,0.06715796980862951
2,Unnamed,27585,1042,0.03777415261917709
" "
" "
Risk Difference
Risk Difference,95 % CI Lower,95 % CI Upper,z,p
0.02938381718945242,0.025563160547401778,0.03320447383150306,15.21936430200683,2.6307484988323187e-52
" "
" "
Risk Ratio
Risk Ratio,95 % CI Lower,95 % CI Upper
1.777881571181425,1.6490150420671086,1.9168187072352354
" "
" "
Odds Ratio
Odds Ratio,95 % CI Lower,95 % CI Upper
1.8338834936734616,1.6943663366033568,1.9848887431923017