﻿Outcome 7 Result 7b Kaplan-Meier Table
" "
Generated by TriNetX
" "
Notes
87 patients in Cohort 1 and 22 patients in Cohort 2 were excluded from results because they had the outcome prior to the time window.
" "
" "
Cohort Statistics
Cohort,Cohort Name,Patients in Cohort,Patients with Outcome,Median Survival (Days),Survival Probability at End of Time Window
1,CX1 7.0,27859,122,,0.9951417916790132
2,Unnamed,27924,105,,0.9962397937258268
" "
" "
Log-Rank Test
χ²,df,p
3.6446190472667053,1,0.0562506710582861
" "
" "
Hazard Ratio
Hazard Ratio,95 % CI Lower,95 % CI Upper
1.288773,0.9925718,1.673367
" "
" "
Proportionality
χ²,df,p
0.02032433,1,0.886635