﻿Outcome 4 Result 4b Kaplan-Meier Table
" "
Generated by TriNetX
" "
Notes
2349 patients in Cohort 1 and 367 patients in Cohort 2 were excluded from results because they had the outcome prior to the time window.
" "
" "
Cohort Statistics
Cohort,Cohort Name,Patients in Cohort,Patients with Outcome,Median Survival (Days),Survival Probability at End of Time Window
1,CX1 7.0,25597,4010,,0.8301668661891182
2,Unnamed,27579,1753,,0.936437144203923
" "
" "
Log-Rank Test
χ²,df,p
1446.679125513013,1,0
" "
" "
Hazard Ratio
Hazard Ratio,95 % CI Lower,95 % CI Upper
2.837653,2.682592,3.001676
" "
" "
Proportionality
χ²,df,p
0.4122492,1,0.5208301