﻿Outcome 7 Result 7a Measures of Association Table
" "
Generated by TriNetX
" "
Notes
87 patients in Cohort 1 and 22 patients in Cohort 2 were excluded from results because they had the outcome prior to the time window.
" "
" "
Cohort Statistics
Cohort,Cohort Name,Patients in Cohort,Patients with Outcome,Risk
1,CX1 7.0,27859,122,0.004379195233138304
2,Unnamed,27924,105,0.0037602062741727547
" "
" "
Risk Difference
Risk Difference,95 % CI Lower,95 % CI Upper,z,p
0.0006189889589655489,-0.0004376951363697964,0.0016756730543008942,1.1482250016394966,0.2508756906272399
" "
" "
Risk Ratio
Risk Ratio,95 % CI Lower,95 % CI Upper
1.1646156922871809,0.8976341980158373,1.5110049435723696
" "
" "
Odds Ratio
Odds Ratio,95 % CI Lower,95 % CI Upper
1.1653397473204952,0.8972425342996121,1.513544749352597