﻿Outcome 3 Result 3b Kaplan-Meier Table
" "
Generated by TriNetX
" "
Notes
164 patients in Cohort 1 and 55 patients in Cohort 2 were excluded from results because they had the outcome prior to the time window.
" "
" "
Cohort Statistics
Cohort,Cohort Name,Patients in Cohort,Patients with Outcome,Median Survival (Days),Survival Probability at End of Time Window
1,CX1 7.0,27782,917,,0.9633382729856117
2,Unnamed,27891,307,,0.9889928650819261
" "
" "
Log-Rank Test
χ²,df,p
385.22012992355405,1,9.088182392783962e-86
" "
" "
Hazard Ratio
Hazard Ratio,95 % CI Lower,95 % CI Upper
3.383197,2.972722,3.850351
" "
" "
Proportionality
χ²,df,p
1.793327,1,0.1805213