﻿Outcome 4 Result 4a Measures of Association Table
" "
Generated by TriNetX
" "
Notes
2349 patients in Cohort 1 and 367 patients in Cohort 2 were excluded from results because they had the outcome prior to the time window.
" "
" "
Cohort Statistics
Cohort,Cohort Name,Patients in Cohort,Patients with Outcome,Risk
1,CX1 7.0,25597,4010,0.15665898347462592
2,Unnamed,27579,1753,0.06356285579607672
" "
" "
Risk Difference
Risk Difference,95 % CI Lower,95 % CI Upper,z,p
0.0930961276785492,0.08779336520609893,0.09839889015099948,34.506444611008625,6.421000045144254e-261
" "
" "
Risk Ratio
Risk Ratio,95 % CI Lower,95 % CI Upper
2.4646309784636102,2.3362858726465108,2.60002679086592
" "
" "
Odds Ratio
Odds Ratio,95 % CI Lower,95 % CI Upper
2.7367007530334475,2.5800122603379747,2.9029052019592845