﻿Outcome 5 Result 5b Kaplan-Meier Table
" "
Generated by TriNetX
" "
Notes
3685 patients in Cohort 1 and 373 patients in Cohort 2 were excluded from results because they had the outcome prior to the time window.
" "
" "
Cohort Statistics
Cohort,Cohort Name,Patients in Cohort,Patients with Outcome,Median Survival (Days),Survival Probability at End of Time Window
1,CX1 7.0,24261,5508,,0.7547709559459059
2,Unnamed,27573,2062,,0.9252166974939243
" "
" "
Log-Rank Test
χ²,df,p
2855.44979233453,1,0
" "
" "
Hazard Ratio
Hazard Ratio,95 % CI Lower,95 % CI Upper
3.638198,3.458371,3.827375
" "
" "
Proportionality
χ²,df,p
10.7002,1,0.00107124