﻿Outcome 3 Result 3a Measures of Association Table
" "
Generated by TriNetX
" "
Notes
164 patients in Cohort 1 and 55 patients in Cohort 2 were excluded from results because they had the outcome prior to the time window.
" "
" "
Cohort Statistics
Cohort,Cohort Name,Patients in Cohort,Patients with Outcome,Risk
1,CX1 7.0,27946,985,0.03524654691190152
2,Unnamed,27946,327,0.01170113790882416
" "
" "
Risk Difference
Risk Difference,95 % CI Lower,95 % CI Upper,z,p
0.02354540900307736,0.021042596199480814,0.026048221806673908,18.383027446603666,1.7965644254264652e-75
" "
" "
Risk Ratio
Risk Ratio,95 % CI Lower,95 % CI Upper
3.0122324159021407,2.6609756134369333,3.4098561751538186
" "
" "
Odds Ratio
Odds Ratio,95 % CI Lower,95 % CI Upper
3.085747824442759,2.7198620012855472,3.5008539519845887