﻿Outcome 2 Result 2b Kaplan-Meier Table
" "
Generated by TriNetX
" "
Notes
100 patients in Cohort 1 and 34 patients in Cohort 2 were excluded from results because they had the outcome prior to the time window.
" "
" "
Cohort Statistics
Cohort,Cohort Name,Patients in Cohort,Patients with Outcome,Median Survival (Days),Survival Probability at End of Time Window
1,CX1 7.0,27846,357,,0.9856592283671006
2,Unnamed,27912,214,,0.9923330467182562
" "
" "
Log-Rank Test
χ²,df,p
55.8045382945385,1,8.004654392520066e-14
" "
" "
Hazard Ratio
Hazard Ratio,95 % CI Lower,95 % CI Upper
1.888427,1.593826,2.237482
" "
" "
Proportionality
χ²,df,p
3.476815,1,0.0622344