﻿Outcome 7 Result 7a Measures of Association Table
" "
Generated by TriNetX
" "
Notes
10 patients in Cohort 1 and 10 patients in Cohort 2 were excluded from results because they had the outcome prior to the time window.
" "
" "
Cohort Statistics
Cohort,Cohort Name,Patients in Cohort,Patients with Outcome,Risk
1,CX3 7.0,5202,19,0.0036524413687043446
2,Unnamed,5202,23,0.0044213763936947325
" "
" "
Risk Difference
Risk Difference,95 % CI Lower,95 % CI Upper,z,p
-0.0007689350249903879,-0.003205758150527271,0.0016678881005464954,-0.6184630016478851,0.5362701792473834
" "
" "
Risk Ratio
Risk Ratio,95 % CI Lower,95 % CI Upper
0.8260869565217392,0.4504673077408364,1.5149149516705012
" "
" "
Odds Ratio
Odds Ratio,95 % CI Lower,95 % CI Upper
0.8254494207652107,0.4490246697752329,1.5174372191681398