﻿Outcome 2 Result 2a Measures of Association Table
" "
Generated by TriNetX
" "
Notes
10 patients in Cohort 1 and 10 patients in Cohort 2 were excluded from results because they had the outcome prior to the time window.
" "
" "
Cohort Statistics
Cohort,Cohort Name,Patients in Cohort,Patients with Outcome,Risk
1,CX3 7.0,5202,57,0.010957324106113034
2,Unnamed,5202,48,0.00922722029988466
" "
" "
Risk Difference
Risk Difference,95 % CI Lower,95 % CI Upper,z,p
0.0017301038062283742,-0.0021110479419343604,0.005571255554391108,0.8827759696974622,0.3773573264371174
" "
" "
Risk Ratio
Risk Ratio,95 % CI Lower,95 % CI Upper
1.1875,0.8104322688326862,1.740005061781575
" "
" "
Odds Ratio
Odds Ratio,95 % CI Lower,95 % CI Upper
1.1895772594752188,0.808717237361891,1.749800784359113