﻿Outcome 7 Result 7b Kaplan-Meier Table
" "
Generated by TriNetX
" "
Notes
10 patients in Cohort 1 and 10 patients in Cohort 2 were excluded from results because they had the outcome prior to the time window.
" "
" "
Cohort Statistics
Cohort,Cohort Name,Patients in Cohort,Patients with Outcome,Median Survival (Days),Survival Probability at End of Time Window
1,CX3 7.0,5202,19,,0.9960613587830532
2,Unnamed,5202,23,,0.9955786236063041
" "
" "
Log-Rank Test
χ²,df,p
0.11851167189822927,1,0.7306543408189687
" "
" "
Hazard Ratio
Hazard Ratio,95 % CI Lower,95 % CI Upper
0.8987277,0.4892031,1.651076
" "
" "
Proportionality
χ²,df,p
0.2299626,1,0.6315516