﻿Outcome 4 Result 4a Measures of Association Table
" "
Generated by TriNetX
" "
Notes
458 patients in Cohort 1 and 90 patients in Cohort 2 were excluded from results because they had the outcome prior to the time window.
" "
" "
Cohort Statistics
Cohort,Cohort Name,Patients in Cohort,Patients with Outcome,Risk
1,CX3 7.0,4752,900,0.1893939393939394
2,Unnamed,5120,355,0.0693359375
" "
" "
Risk Difference
Risk Difference,95 % CI Lower,95 % CI Upper,z,p
0.12005800189393939,0.10692301416263417,0.13319298962524462,17.892332969240634,1.3532224696337143e-71
" "
" "
Risk Ratio
Risk Ratio,95 % CI Lower,95 % CI Upper
2.7315407597097736,2.4315829766320065,3.0685010520556206
" "
" "
Odds Ratio
Odds Ratio,95 % CI Lower,95 % CI Upper
3.1361063577728054,2.7538709467224916,3.5713957834401397