﻿Outcome 5 Result 5b Kaplan-Meier Table
" "
Generated by TriNetX
" "
Notes
800 patients in Cohort 1 and 64 patients in Cohort 2 were excluded from results because they had the outcome prior to the time window.
" "
" "
Cohort Statistics
Cohort,Cohort Name,Patients in Cohort,Patients with Outcome,Median Survival (Days),Survival Probability at End of Time Window
1,CX3 7.0,4410,1215,,0.7021032304798446
2,Unnamed,5146,435,,0.9154683249125533
" "
" "
Log-Rank Test
χ²,df,p
731.3982531101645,1,4.447937046655311e-161
" "
" "
Hazard Ratio
Hazard Ratio,95 % CI Lower,95 % CI Upper
4.054714,3.633104,4.52525
" "
" "
Proportionality
χ²,df,p
9.434316,1,0.002129625