﻿Outcome 8 Result 8b Kaplan-Meier Table
" "
Generated by TriNetX
" "
" "
Cohort Statistics
Cohort,Cohort Name,Patients in Cohort,Patients with Outcome,Median Survival (Days),Survival Probability at End of Time Window
1,CX3 7.0,5210,13,,0.9972783531703694
2,Unnamed,5210,32,,0.9938579654510548
" "
" "
Log-Rank Test
χ²,df,p
6.023039868939415,1,0.014120304765548089
" "
" "
Hazard Ratio
Hazard Ratio,95 % CI Lower,95 % CI Upper
0.4549885,0.2386711,0.8673633
" "
" "
Proportionality
χ²,df,p
1.70575,1,0.1915378