﻿Outcome 6 Result 6b Kaplan-Meier Table
" "
Generated by TriNetX
" "
Notes
550 patients in Cohort 1 and 61 patients in Cohort 2 were excluded from results because they had the outcome prior to the time window.
" "
" "
Cohort Statistics
Cohort,Cohort Name,Patients in Cohort,Patients with Outcome,Median Survival (Days),Survival Probability at End of Time Window
1,CX3 7.0,4660,351,,0.9178658274421821
2,Unnamed,5149,203,,0.9605748689065835
" "
" "
Log-Rank Test
χ²,df,p
76.29958806929478,1,2.43734731400603e-18
" "
" "
Hazard Ratio
Hazard Ratio,95 % CI Lower,95 % CI Upper
2.124162,1.786639,2.525448
" "
" "
Proportionality
χ²,df,p
0.5284446,1,0.4672615