﻿Outcome 5 Result 5a Measures of Association Table
" "
Generated by TriNetX
" "
Notes
800 patients in Cohort 1 and 64 patients in Cohort 2 were excluded from results because they had the outcome prior to the time window.
" "
" "
Cohort Statistics
Cohort,Cohort Name,Patients in Cohort,Patients with Outcome,Risk
1,CX3 7.0,4410,1215,0.2755102040816326
2,Unnamed,5146,435,0.08453167508744656
" "
" "
Risk Difference
Risk Difference,95 % CI Lower,95 % CI Upper,z,p
0.19097852899418605,0.17575854468910293,0.20619851329926916,24.62387642463285,7.011887724764659e-134
" "
" "
Risk Ratio
Risk Ratio,95 % CI Lower,95 % CI Upper
3.259254046446164,2.9436150462914332,3.608738497467235
" "
" "
Odds Ratio
Odds Ratio,95 % CI Lower,95 % CI Upper
4.118406993686255,3.6586665831491034,4.635917425152437