﻿Outcome 4 Result 4b Kaplan-Meier Table
" "
Generated by TriNetX
" "
Notes
458 patients in Cohort 1 and 90 patients in Cohort 2 were excluded from results because they had the outcome prior to the time window.
" "
" "
Cohort Statistics
Cohort,Cohort Name,Patients in Cohort,Patients with Outcome,Median Survival (Days),Survival Probability at End of Time Window
1,CX3 7.0,4752,900,,0.7944998540717664
2,Unnamed,5120,355,,0.9306640624999997
" "
" "
Log-Rank Test
χ²,df,p
387.5638677671826,1,2.8069223935614155e-86
" "
" "
Hazard Ratio
Hazard Ratio,95 % CI Lower,95 % CI Upper
3.2192,2.846447,3.640768
" "
" "
Proportionality
χ²,df,p
1.753457,1,0.1854427