﻿Outcome 2 Result 2b Kaplan-Meier Table
" "
Generated by TriNetX
" "
Notes
10 patients in Cohort 1 and 10 patients in Cohort 2 were excluded from results because they had the outcome prior to the time window.
" "
" "
Cohort Statistics
Cohort,Cohort Name,Patients in Cohort,Patients with Outcome,Median Survival (Days),Survival Probability at End of Time Window
1,CX3 7.0,5202,57,,0.9876646820085991
2,Unnamed,5202,48,,0.9907727797001145
" "
" "
Log-Rank Test
χ²,df,p
2.4481153759239604,1,0.11766606631295562
" "
" "
Hazard Ratio
Hazard Ratio,95 % CI Lower,95 % CI Upper
1.357541,0.924304,1.993844
" "
" "
Proportionality
χ²,df,p
2.08798,1,0.1484623