﻿Outcome 6 Result 6a Measures of Association Table
" "
Generated by TriNetX
" "
Notes
550 patients in Cohort 1 and 61 patients in Cohort 2 were excluded from results because they had the outcome prior to the time window.
" "
" "
Cohort Statistics
Cohort,Cohort Name,Patients in Cohort,Patients with Outcome,Risk
1,CX3 7.0,4660,351,0.07532188841201717
2,Unnamed,5149,203,0.0394251310934162
" "
" "
Risk Difference
Risk Difference,95 % CI Lower,95 % CI Upper,z,p
0.03589675731860097,0.02664086405863012,0.04515265057857183,7.690930673315972,1.460685704737725e-14
" "
" "
Risk Ratio
Risk Ratio,95 % CI Lower,95 % CI Upper
1.9105044504112139,1.6146949052496917,2.260505834987214
" "
" "
Odds Ratio
Odds Ratio,95 % CI Lower,95 % CI Upper
1.9846717890267478,1.6617423501337762,2.3703566981015642