﻿Outcome 3 Result 3b Kaplan-Meier Table
" "
Generated by TriNetX
" "
Notes
17 patients in Cohort 1 and 10 patients in Cohort 2 were excluded from results because they had the outcome prior to the time window.
" "
" "
Cohort Statistics
Cohort,Cohort Name,Patients in Cohort,Patients with Outcome,Median Survival (Days),Survival Probability at End of Time Window
1,CX3 7.0,5193,197,,0.9575415003619956
2,Unnamed,5201,57,,0.9890405691213227
" "
" "
Log-Rank Test
χ²,df,p
97.08939997556894,1,6.626670939270302e-23
" "
" "
Hazard Ratio
Hazard Ratio,95 % CI Lower,95 % CI Upper
3.949799,2.940529,5.305477
" "
" "
Proportionality
χ²,df,p
0.7652969,1,0.3816759