﻿Outcome 1 Result 1b Kaplan-Meier Table
" "
Generated by TriNetX
" "
" "
Cohort Statistics
Cohort,Cohort Name,Patients in Cohort,Patients with Outcome,Median Survival (Days),Survival Probability at End of Time Window
1,CX3 7.0,5210,371,,0.9205980679624665
2,Unnamed,5210,241,,0.9537428023032629
" "
" "
Log-Rank Test
χ²,df,p
48.82651252165399,1,2.796341384738007e-12
" "
" "
Hazard Ratio
Hazard Ratio,95 % CI Lower,95 % CI Upper
1.770452,1.505066,2.082633
" "
" "
Proportionality
χ²,df,p
8.243052,1,0.004090829