﻿Outcome 3 Result 3a Measures of Association Table
" "
Generated by TriNetX
" "
Notes
17 patients in Cohort 1 and 10 patients in Cohort 2 were excluded from results because they had the outcome prior to the time window.
" "
" "
Cohort Statistics
Cohort,Cohort Name,Patients in Cohort,Patients with Outcome,Risk
1,CX3 7.0,5210,208,0.039923224568138196
2,Unnamed,5210,62,0.011900191938579654
" "
" "
Risk Difference
Risk Difference,95 % CI Lower,95 % CI Upper,z,p
0.02802303262955854,0.021945829026582576,0.034100236232534505,9.002679971559338,2.20273705161406e-19
" "
" "
Risk Ratio
Risk Ratio,95 % CI Lower,95 % CI Upper
3.3548387096774195,2.533021640440864,4.443287253555073
" "
" "
Odds Ratio
Odds Ratio,95 % CI Lower,95 % CI Upper
3.4527608311514104,2.593255900488888,4.597138814910589