﻿Outcome 2 Result 2a Measures of Association Table
" "
Generated by TriNetX
" "
Notes
28 patients in Cohort 1 and 19 patients in Cohort 2 were excluded from results because they had the outcome prior to the time window.
" "
" "
Cohort Statistics
Cohort,Cohort Name,Patients in Cohort,Patients with Outcome,Risk
1,CX2 7.0,10399,23,0.002211751129916338
2,Unnamed,10408,11,0.001056879323597233
" "
" "
Risk Difference
Risk Difference,95 % CI Lower,95 % CI Upper,z,p
0.0011548718063191053,0.00005717382174389883,0.0022525697908943117,2.0621909400500087,0.03918956093318858
" "
" "
Risk Ratio
Risk Ratio,95 % CI Lower,95 % CI Upper
2.0927187054699314,1.020674910630732,4.2907604905438745
" "
" "
Odds Ratio
Odds Ratio,95 % CI Lower,95 % CI Upper
2.095140884558772,1.0208056435272606,4.300147980160034