﻿Outcome 6 Result 6b Kaplan-Meier Table
" "
Generated by TriNetX
" "
Notes
1105 patients in Cohort 1 and 135 patients in Cohort 2 were excluded from results because they had the outcome prior to the time window.
" "
" "
Cohort Statistics
Cohort,Cohort Name,Patients in Cohort,Patients with Outcome,Median Survival (Days),Survival Probability at End of Time Window
1,CX2 7.0,9322,155,,0.9833229904102698
2,Unnamed,10292,124,,0.9879518072289164
" "
" "
Log-Rank Test
χ²,df,p
7.421965617473011,1,0.006443238967400024
" "
" "
Hazard Ratio
Hazard Ratio,95 % CI Lower,95 % CI Upper
1.386481,1.09486,1.755778
" "
" "
Proportionality
χ²,df,p
1.038208,1,0.3082387