﻿Outcome 1 Result 1b Kaplan-Meier Table
" "
Generated by TriNetX
" "
" "
Cohort Statistics
Cohort,Cohort Name,Patients in Cohort,Patients with Outcome,Median Survival (Days),Survival Probability at End of Time Window
1,CX2 7.0,10427,133,,0.9872049182571931
2,Unnamed,10427,65,,0.993766183945525
" "
" "
Log-Rank Test
χ²,df,p
23.74080195365181,1,0.0000011022086980189166
" "
" "
Hazard Ratio
Hazard Ratio,95 % CI Lower,95 % CI Upper
2.05774,1.529573,2.768284
" "
" "
Proportionality
χ²,df,p
2.316478,1,0.1280096