﻿Outcome 2 Result 2b Kaplan-Meier Table
" "
Generated by TriNetX
" "
Notes
28 patients in Cohort 1 and 19 patients in Cohort 2 were excluded from results because they had the outcome prior to the time window.
" "
" "
Cohort Statistics
Cohort,Cohort Name,Patients in Cohort,Patients with Outcome,Median Survival (Days),Survival Probability at End of Time Window
1,CX2 7.0,10399,23,,0.9977792638129079
2,Unnamed,10408,11,,0.9989431206764029
" "
" "
Log-Rank Test
χ²,df,p
4.290485961679903,1,0.038326209427314274
" "
" "
Hazard Ratio
Hazard Ratio,95 % CI Lower,95 % CI Upper
2.100511,1.023961,4.3089
" "
" "
Proportionality
χ²,df,p
3.076084,1,0.07945159