﻿Outcome 8 Result 8b Kaplan-Meier Table
" "
Generated by TriNetX
" "
" "
Cohort Statistics
Cohort,Cohort Name,Patients in Cohort,Patients with Outcome,Median Survival (Days),Survival Probability at End of Time Window
1,CX2 7.0,10427,10,,0.9994234539981548
2,Unnamed,10427,10,,0.999616380550494
" "
" "
Log-Rank Test
χ²,df,p
0.4047518274855296,1,0.5246453625215806
" "
" "
Hazard Ratio
Hazard Ratio,95 % CI Lower,95 % CI Upper
1.503558,0.4242982,5.32806
" "
" "
Proportionality
χ²,df,p
0.281538,1,0.5956949