﻿Outcome 4 Result 4b Kaplan-Meier Table
" "
Generated by TriNetX
" "
Notes
878 patients in Cohort 1 and 149 patients in Cohort 2 were excluded from results because they had the outcome prior to the time window.
" "
" "
Cohort Statistics
Cohort,Cohort Name,Patients in Cohort,Patients with Outcome,Median Survival (Days),Survival Probability at End of Time Window
1,CX2 7.0,9549,412,,0.9567174698575223
2,Unnamed,10278,153,,0.9851138353765331
" "
" "
Log-Rank Test
χ²,df,p
143.54180753001992,1,4.4747502137920623e-33
" "
" "
Hazard Ratio
Hazard Ratio,95 % CI Lower,95 % CI Upper
2.947225,2.44808,3.548143
" "
" "
Proportionality
χ²,df,p
1.532215,1,0.2157804