﻿Outcome 7 Result 7b Kaplan-Meier Table
" "
Generated by TriNetX
" "
Notes
37 patients in Cohort 1 and 14 patients in Cohort 2 were excluded from results because they had the outcome prior to the time window.
" "
" "
Cohort Statistics
Cohort,Cohort Name,Patients in Cohort,Patients with Outcome,Median Survival (Days),Survival Probability at End of Time Window
1,CX2 7.0,10390,10,,0.9995183219190553
2,Unnamed,10413,10,,0.9991356957649085
" "
" "
Log-Rank Test
χ²,df,p
1.127668921905258,1,0.28827310874624956
" "
" "
Hazard Ratio
Hazard Ratio,95 % CI Lower,95 % CI Upper
0.5576766,0.186898,1.664026
" "
" "
Proportionality
χ²,df,p
0.8407392,1,0.3591854