﻿Outcome 4 Result 4a Measures of Association Table
" "
Generated by TriNetX
" "
Notes
878 patients in Cohort 1 and 149 patients in Cohort 2 were excluded from results because they had the outcome prior to the time window.
" "
" "
Cohort Statistics
Cohort,Cohort Name,Patients in Cohort,Patients with Outcome,Risk
1,CX2 7.0,9549,412,0.04314587914964918
2,Unnamed,10278,153,0.0148861646234676
" "
" "
Risk Difference
Risk Difference,95 % CI Lower,95 % CI Upper,z,p
0.02825971452618158,0.023559714133434058,0.0329597149189291,11.949634279914875,6.521156879676624e-33
" "
" "
Risk Ratio
Risk Ratio,95 % CI Lower,95 % CI Upper
2.8983878816999624,2.4125808519038485,3.482018978205833
" "
" "
Odds Ratio
Odds Ratio,95 % CI Lower,95 % CI Upper
2.9839888237225503,2.4733100800941203,3.600110383151895