﻿Outcome 6 Result 6a Measures of Association Table
" "
Generated by TriNetX
" "
Notes
1105 patients in Cohort 1 and 135 patients in Cohort 2 were excluded from results because they had the outcome prior to the time window.
" "
" "
Cohort Statistics
Cohort,Cohort Name,Patients in Cohort,Patients with Outcome,Risk
1,CX2 7.0,9322,155,0.01662733319030251
2,Unnamed,10292,124,0.012048192771084338
" "
" "
Risk Difference
Risk Difference,95 % CI Lower,95 % CI Upper,z,p
0.004579140419218173,0.0012353201678867963,0.00792296067054955,2.704564200233713,0.006839405204686595
" "
" "
Risk Ratio
Risk Ratio,95 % CI Lower,95 % CI Upper
1.3800686547951084,1.091612029751014,1.7447494531389496
" "
" "
Odds Ratio
Odds Ratio,95 % CI Lower,95 % CI Upper
1.3864950365441255,1.0930273680950944,1.7587560407675429