﻿Outcome 3 Result 3b Kaplan-Meier Table
" "
Generated by TriNetX
" "
Notes
57 patients in Cohort 1 and 18 patients in Cohort 2 were excluded from results because they had the outcome prior to the time window.
" "
" "
Cohort Statistics
Cohort,Cohort Name,Patients in Cohort,Patients with Outcome,Median Survival (Days),Survival Probability at End of Time Window
1,CX2 7.0,10370,43,,0.9958353650669511
2,Unnamed,10409,17,,0.9983667979633004
" "
" "
Log-Rank Test
χ²,df,p
11.492511889923827,1,0.000698771367453858
" "
" "
Hazard Ratio
Hazard Ratio,95 % CI Lower,95 % CI Upper
2.551314,1.455119,4.473314
" "
" "
Proportionality
χ²,df,p
2.268188,1,0.1320542