﻿Outcome 3 Result 3a Measures of Association Table
" "
Generated by TriNetX
" "
Notes
57 patients in Cohort 1 and 18 patients in Cohort 2 were excluded from results because they had the outcome prior to the time window.
" "
" "
Cohort Statistics
Cohort,Cohort Name,Patients in Cohort,Patients with Outcome,Risk
1,CX2 7.0,10427,59,0.005658386880214827
2,Unnamed,10427,21,0.0020140021099069724
" "
" "
Risk Difference
Risk Difference,95 % CI Lower,95 % CI Upper,z,p
0.0036443847703078545,0.0019670555428492192,0.00532171399776649,4.25670177066453,0.000020746480345560573
" "
" "
Risk Ratio
Risk Ratio,95 % CI Lower,95 % CI Upper
2.8095238095238093,1.7086677084397053,4.6196366896224506
" "
" "
Odds Ratio
Odds Ratio,95 % CI Lower,95 % CI Upper
2.8198210611405052,1.7123899314089712,4.643446373402279