﻿Outcome 5 Result 5b Kaplan-Meier Table
" "
Generated by TriNetX
" "
Notes
1543 patients in Cohort 1 and 140 patients in Cohort 2 were excluded from results because they had the outcome prior to the time window.
" "
" "
Cohort Statistics
Cohort,Cohort Name,Patients in Cohort,Patients with Outcome,Median Survival (Days),Survival Probability at End of Time Window
1,CX2 7.0,8884,576,,0.9349639170064401
2,Unnamed,10287,157,,0.9847380188587544
" "
" "
Log-Rank Test
χ²,df,p
320.0272532459144,1,1.4287784602490077e-71
" "
" "
Hazard Ratio
Hazard Ratio,95 % CI Lower,95 % CI Upper
4.364886,3.658779,5.207264
" "
" "
Proportionality
χ²,df,p
4.30763,1,0.03794178