﻿Outcome 5 Result 5a Measures of Association Table
" "
Generated by TriNetX
" "
Notes
1543 patients in Cohort 1 and 140 patients in Cohort 2 were excluded from results because they had the outcome prior to the time window.
" "
" "
Cohort Statistics
Cohort,Cohort Name,Patients in Cohort,Patients with Outcome,Risk
1,CX2 7.0,8884,576,0.06483565961278703
2,Unnamed,10287,157,0.015261981141246233
" "
" "
Risk Difference
Risk Difference,95 % CI Lower,95 % CI Upper,z,p
0.0495736784715408,0.043931795871741064,0.05521556107134054,17.848975009206814,2.9438996487041656e-71
" "
" "
Risk Ratio
Risk Ratio,95 % CI Lower,95 % CI Upper
4.248181085584332,3.569155424142678,5.056390207566103
" "
" "
Odds Ratio
Odds Ratio,95 % CI Lower,95 % CI Upper
4.473379966818874,3.7408584822983997,5.349341179899837