﻿Outcome 7 Result 7a Measures of Association Table
" "
Generated by TriNetX
" "
Notes
37 patients in Cohort 1 and 14 patients in Cohort 2 were excluded from results because they had the outcome prior to the time window.
" "
" "
Cohort Statistics
Cohort,Cohort Name,Patients in Cohort,Patients with Outcome,Risk
1,CX2 7.0,10390,10,0.0009624639076034649
2,Unnamed,10413,10,0.0009603380389897244
" "
" "
Risk Difference
Risk Difference,95 % CI Lower,95 % CI Upper,z,p
0.00000212586861374057,-0.0008401745675626809,0.0008444263047901621,0.004946818723924146,0.9960530258128414
" "
" "
Risk Ratio
Risk Ratio,95 % CI Lower,95 % CI Upper
1.0022136669874881,0.41731832759939336,2.406873045989768
" "
" "
Odds Ratio
Odds Ratio,95 % CI Lower,95 % CI Upper
1.0022157996146437,0.4169675176905424,2.4089082875339813