﻿Outcome 1 Result 1b Kaplan-Meier Table
" "
Generated by TriNetX
" "
" "
Cohort Statistics
Cohort,Cohort Name,Patients in Cohort,Patients with Outcome,Median Survival (Days),Survival Probability at End of Time Window
1,CX3 7.0,5210,57,,0.9890305286909413
2,Unnamed,5210,36,,0.9930902111324369
" "
" "
Log-Rank Test
χ²,df,p
4.815387883708104,1,0.028206722809441163
" "
" "
Hazard Ratio
Hazard Ratio,95 % CI Lower,95 % CI Upper
1.588799,1.046785,2.411463
" "
" "
Proportionality
χ²,df,p
2.729618,1,0.09850283