﻿Outcome 4 Result 4a Measures of Association Table
" "
Generated by TriNetX
" "
Notes
458 patients in Cohort 1 and 90 patients in Cohort 2 were excluded from results because they had the outcome prior to the time window.
" "
" "
Cohort Statistics
Cohort,Cohort Name,Patients in Cohort,Patients with Outcome,Risk
1,CX3 7.0,4752,224,0.04713804713804714
2,Unnamed,5120,80,0.015625
" "
" "
Risk Difference
Risk Difference,95 % CI Lower,95 % CI Upper,z,p
0.03151304713804714,0.024595578409335964,0.038430515866758316,9.05563259017914,1.3577845434106344e-19
" "
" "
Risk Ratio
Risk Ratio,95 % CI Lower,95 % CI Upper
3.016835016835017,2.3443203411539844,3.8822738339257215
" "
" "
Odds Ratio
Odds Ratio,95 % CI Lower,95 % CI Upper
3.1166077738515896,2.4068664414625056,4.035638973855988