﻿Outcome 4 Result 4b Kaplan-Meier Table
" "
Generated by TriNetX
" "
Notes
458 patients in Cohort 1 and 90 patients in Cohort 2 were excluded from results because they had the outcome prior to the time window.
" "
" "
Cohort Statistics
Cohort,Cohort Name,Patients in Cohort,Patients with Outcome,Median Survival (Days),Survival Probability at End of Time Window
1,CX3 7.0,4752,224,,0.9527303002877617
2,Unnamed,5120,80,,0.9843750000000002
" "
" "
Log-Rank Test
χ²,df,p
82.20275639249901,1,1.2281847506522243e-19
" "
" "
Hazard Ratio
Hazard Ratio,95 % CI Lower,95 % CI Upper
3.068551,2.377195,3.960973
" "
" "
Proportionality
χ²,df,p
3.087762,1,0.07888322