﻿Outcome 3 Result 3b Kaplan-Meier Table
" "
Generated by TriNetX
" "
Notes
17 patients in Cohort 1 and 10 patients in Cohort 2 were excluded from results because they had the outcome prior to the time window.
" "
" "
Cohort Statistics
Cohort,Cohort Name,Patients in Cohort,Patients with Outcome,Median Survival (Days),Survival Probability at End of Time Window
1,CX3 7.0,5193,29,,0.994398774767014
2,Unnamed,5201,10,,0.9984618342626416
" "
" "
Log-Rank Test
χ²,df,p
12.040085293067266,1,0.0005206858901022131
" "
" "
Hazard Ratio
Hazard Ratio,95 % CI Lower,95 % CI Upper
3.645901,1.666766,7.975081
" "
" "
Proportionality
χ²,df,p
2.372702,1,0.1234732