﻿Outcome 5 Result 5b Kaplan-Meier Table
" "
Generated by TriNetX
" "
Notes
800 patients in Cohort 1 and 64 patients in Cohort 2 were excluded from results because they had the outcome prior to the time window.
" "
" "
Cohort Statistics
Cohort,Cohort Name,Patients in Cohort,Patients with Outcome,Median Survival (Days),Survival Probability at End of Time Window
1,CX3 7.0,4410,332,,0.9245281685413684
2,Unnamed,5146,85,,0.9834823163622228
" "
" "
Log-Rank Test
χ²,df,p
197.20234026642896,1,8.518534711394415e-45
" "
" "
Hazard Ratio
Hazard Ratio,95 % CI Lower,95 % CI Upper
4.701267,3.704585,5.966096
" "
" "
Proportionality
χ²,df,p
3.327963,1,0.0681112