﻿Outcome 5 Result 5a Measures of Association Table
" "
Generated by TriNetX
" "
Notes
800 patients in Cohort 1 and 64 patients in Cohort 2 were excluded from results because they had the outcome prior to the time window.
" "
" "
Cohort Statistics
Cohort,Cohort Name,Patients in Cohort,Patients with Outcome,Risk
1,CX3 7.0,4410,332,0.07528344671201814
2,Unnamed,5146,85,0.016517683637776913
" "
" "
Risk Difference
Risk Difference,95 % CI Lower,95 % CI Upper,z,p
0.05876576307424123,0.05023521381624153,0.06729631233224094,14.018426531491434,1.2025128569205216e-44
" "
" "
Risk Ratio
Risk Ratio,95 % CI Lower,95 % CI Upper
4.557748432706417,3.6038078980811092,5.76420035787664
" "
" "
Odds Ratio
Odds Ratio,95 % CI Lower,95 % CI Upper
4.847393474309783,3.8062355662342977,6.173349779826704