﻿Outcome 6 Result 6b Kaplan-Meier Table
" "
Generated by TriNetX
" "
Notes
550 patients in Cohort 1 and 61 patients in Cohort 2 were excluded from results because they had the outcome prior to the time window.
" "
" "
Cohort Statistics
Cohort,Cohort Name,Patients in Cohort,Patients with Outcome,Median Survival (Days),Survival Probability at End of Time Window
1,CX3 7.0,4660,93,,0.9799831721609866
2,Unnamed,5149,55,,0.9893183142357748
" "
" "
Log-Rank Test
χ²,df,p
14.2132912092376,1,0.00016321361299298932
" "
" "
Hazard Ratio
Hazard Ratio,95 % CI Lower,95 % CI Upper
1.879059,1.346323,2.622597
" "
" "
Proportionality
χ²,df,p
5.159928,1,0.02311386