﻿Outcome 7 Result 7b Kaplan-Meier Table
" "
Generated by TriNetX
" "
Notes
10 patients in Cohort 1 and 10 patients in Cohort 2 were excluded from results because they had the outcome prior to the time window.
" "
" "
Cohort Statistics
Cohort,Cohort Name,Patients in Cohort,Patients with Outcome,Median Survival (Days),Survival Probability at End of Time Window
1,CX3 7.0,5202,10,,0.9992282056230335
2,Unnamed,5202,10,,0.999231064975009
" "
" "
Log-Rank Test
χ²,df,p
0.000029785285515332467,1,0.9956454950425913
" "
" "
Hazard Ratio
Hazard Ratio,95 % CI Lower,95 % CI Upper
1.003867,0.2510642,4.013906
" "
" "
Proportionality
χ²,df,p
0.3304467,1,0.5653962