﻿Outcome 3 Result 3a Measures of Association Table
" "
Generated by TriNetX
" "
Notes
17 patients in Cohort 1 and 10 patients in Cohort 2 were excluded from results because they had the outcome prior to the time window.
" "
" "
Cohort Statistics
Cohort,Cohort Name,Patients in Cohort,Patients with Outcome,Risk
1,CX3 7.0,5210,35,0.0067178502879078695
2,Unnamed,5210,11,0.002111324376199616
" "
" "
Risk Difference
Risk Difference,95 % CI Lower,95 % CI Upper,z,p
0.004606525911708253,0.002062191073723113,0.007150860749693394,3.546443648837418,0.0003904682414845257
" "
" "
Risk Ratio
Risk Ratio,95 % CI Lower,95 % CI Upper
3.1818181818181817,1.617771061018656,6.257972580974491
" "
" "
Odds Ratio
Odds Ratio,95 % CI Lower,95 % CI Upper
3.1965744400527005,1.6217320437513831,6.3007253202950855