﻿Outcome 2 Result 2b Kaplan-Meier Table
" "
Generated by TriNetX
" "
Notes
10 patients in Cohort 1 and 10 patients in Cohort 2 were excluded from results because they had the outcome prior to the time window.
" "
" "
Cohort Statistics
Cohort,Cohort Name,Patients in Cohort,Patients with Outcome,Median Survival (Days),Survival Probability at End of Time Window
1,CX3 7.0,5202,10,,0.9988430636775348
2,Unnamed,5202,10,,0.9994232987312556
" "
" "
Log-Rank Test
χ²,df,p
1.0069172346421582,1,0.3156425085675796
" "
" "
Hazard Ratio
Hazard Ratio,95 % CI Lower,95 % CI Upper
2.004595,0.5013439,8.01526
" "
" "
Proportionality
χ²,df,p
2.443312,1,0.1180268