﻿Outcome 6 Result 6a Measures of Association Table
" "
Generated by TriNetX
" "
Notes
550 patients in Cohort 1 and 61 patients in Cohort 2 were excluded from results because they had the outcome prior to the time window.
" "
" "
Cohort Statistics
Cohort,Cohort Name,Patients in Cohort,Patients with Outcome,Risk
1,CX3 7.0,4660,93,0.019957081545064377
2,Unnamed,5149,55,0.010681685764226064
" "
" "
Risk Difference
Risk Difference,95 % CI Lower,95 % CI Upper,z,p
0.009275395780838313,0.004375582437673389,0.014175209124003236,3.7632001969342452,0.00016775280393214673
" "
" "
Risk Ratio
Risk Ratio,95 % CI Lower,95 % CI Upper
1.8683456886461176,1.341808234474246,2.6015011106637647
" "
" "
Odds Ratio
Odds Ratio,95 % CI Lower,95 % CI Upper
1.8860282262077752,1.348092086670939,2.6386197984713147