﻿Outcome 2 Result 2a Measures of Association Table
" "
Generated by TriNetX
" "
Notes
10 patients in Cohort 1 and 10 patients in Cohort 2 were excluded from results because they had the outcome prior to the time window.
" "
" "
Cohort Statistics
Cohort,Cohort Name,Patients in Cohort,Patients with Outcome,Risk
1,CX3 7.0,5202,10,0.0019223375624759708
2,Unnamed,5202,10,0.0019223375624759708
" "
" "
Risk Difference
Risk Difference,95 % CI Lower,95 % CI Upper,z,p
0,-0.001683382814905711,0.001683382814905711,0,1
" "
" "
Risk Ratio
Risk Ratio,95 % CI Lower,95 % CI Upper
1,0.41657209283465485,2.400544868945214
" "
" "
Odds Ratio
Odds Ratio,95 % CI Lower,95 % CI Upper
1,0.4158700840754385,2.404597104461596