﻿Outcome 6 Result 6a Measures of Association Table
" "
Generated by TriNetX
" "
Notes
2687 patients in Cohort 1 and 2291 patients in Cohort 2 were excluded from results because they had the outcome prior to the time window.
" "
" "
Cohort Statistics
Cohort,Cohort Name,Patients in Cohort,Patients with Outcome,Risk
1,CX1 7.0,24721,380,0.015371546458476599
2,Unnamed,25117,323,0.012859816060835291
" "
" "
Risk Difference
Risk Difference,95 % CI Lower,95 % CI Upper,z,p
0.0025117303976413072,0.00043963360763717195,0.004583827187645443,2.377371662992384,0.01743650939203065
" "
" "
Risk Ratio
Risk Ratio,95 % CI Lower,95 % CI Upper
1.1953161993732406,1.0316090796109025,1.3850021725506618
" "
" "
Odds Ratio
Odds Ratio,95 % CI Lower,95 % CI Upper
1.198365382059319,1.0320776628580437,1.3914452764546477