﻿Outcome 2 Result 2a Measures of Association Table
" "
Generated by TriNetX
" "
Notes
100 patients in Cohort 1 and 50 patients in Cohort 2 were excluded from results because they had the outcome prior to the time window.
" "
" "
Cohort Statistics
Cohort,Cohort Name,Patients in Cohort,Patients with Outcome,Risk
1,CX1 7.0,27308,57,0.002087300424783946
2,Unnamed,27358,28,0.0010234666276774619
" "
" "
Risk Difference
Risk Difference,95 % CI Lower,95 % CI Upper,z,p
0.0010638337971064843,0.00040308468226732516,0.0017245829119456432,3.15638044853537,0.0015974035583704886
" "
" "
Risk Ratio
Risk Ratio,95 % CI Lower,95 % CI Upper
2.0394416079014,1.2977908126252686,3.2049248858725226
" "
" "
Odds Ratio
Odds Ratio,95 % CI Lower,95 % CI Upper
2.041615772946733,1.2983665847170682,3.210337522089874