﻿Outcome 7 Result 7a Measures of Association Table
" "
Generated by TriNetX
" "
Notes
87 patients in Cohort 1 and 45 patients in Cohort 2 were excluded from results because they had the outcome prior to the time window.
" "
" "
Cohort Statistics
Cohort,Cohort Name,Patients in Cohort,Patients with Outcome,Risk
1,CX1 7.0,27321,28,0.0010248526774276198
2,Unnamed,27363,16,0.0005847312063735702
" "
" "
Risk Difference
Risk Difference,95 % CI Lower,95 % CI Upper,z,p
0.00044012147105404963,-0.00003527453261267083,0.0009155174747207701,1.814893563706866,0.06954026785084488
" "
" "
Risk Ratio
Risk Ratio,95 % CI Lower,95 % CI Upper
1.7526902382782474,0.9485063074060137,3.238695459766621
" "
" "
Odds Ratio
Odds Ratio,95 % CI Lower,95 % CI Upper
1.7534624262631444,0.9484900077523024,3.241605557451029