﻿Outcome 8 Result 8b Kaplan-Meier Table
" "
Generated by TriNetX
" "
" "
Cohort Statistics
Cohort,Cohort Name,Patients in Cohort,Patients with Outcome,Median Survival (Days),Survival Probability at End of Time Window
1,CX1 7.0,27408,14,,0.9994876764111023
2,Unnamed,27408,15,,0.999287843475867
" "
" "
Log-Rank Test
χ²,df,p
0.9028336915581957,1,0.34202302897870446
" "
" "
Hazard Ratio
Hazard Ratio,95 % CI Lower,95 % CI Upper
0.7030008,0.3385818,1.459648
" "
" "
Proportionality
χ²,df,p
0.02556117,1,0.8729767