﻿Outcome 6 Result 6b Kaplan-Meier Table
" "
Generated by TriNetX
" "
Notes
2687 patients in Cohort 1 and 2291 patients in Cohort 2 were excluded from results because they had the outcome prior to the time window.
" "
" "
Cohort Statistics
Cohort,Cohort Name,Patients in Cohort,Patients with Outcome,Median Survival (Days),Survival Probability at End of Time Window
1,CX1 7.0,24721,380,,0.9845787550122231
2,Unnamed,25117,323,,0.982124655738221
" "
" "
Log-Rank Test
χ²,df,p
4.863964202620649,1,0.027423255870675182
" "
" "
Hazard Ratio
Hazard Ratio,95 % CI Lower,95 % CI Upper
0.8462876,0.7295093,0.9817594
" "
" "
Proportionality
χ²,df,p
8.545767,1,0.003463267