﻿Outcome 4 Result 4a Measures of Association Table
" "
Generated by TriNetX
" "
Notes
2344 patients in Cohort 1 and 1554 patients in Cohort 2 were excluded from results because they had the outcome prior to the time window.
" "
" "
Cohort Statistics
Cohort,Cohort Name,Patients in Cohort,Patients with Outcome,Risk
1,CX1 7.0,25064,933,0.03722470475582509
2,Unnamed,25854,574,0.02220159356385859
" "
" "
Risk Difference
Risk Difference,95 % CI Lower,95 % CI Upper,z,p
0.015023111191966497,0.012070356473236928,0.017975865910696068,10.000372227176527,1.518252975408499e-23
" "
" "
Risk Ratio
Risk Ratio,95 % CI Lower,95 % CI Upper
1.6766681476604561,1.5133089492699237,1.8576617013567387
" "
" "
Odds Ratio
Odds Ratio,95 % CI Lower,95 % CI Upper
1.7028308173288167,1.5323988998163602,1.8922180071991783