﻿Outcome 3 Result 3a Measures of Association Table
" "
Generated by TriNetX
" "
Notes
164 patients in Cohort 1 and 134 patients in Cohort 2 were excluded from results because they had the outcome prior to the time window.
" "
" "
Cohort Statistics
Cohort,Cohort Name,Patients in Cohort,Patients with Outcome,Risk
1,CX1 7.0,27408,198,0.007224168126094571
2,Unnamed,27408,126,0.004597197898423818
" "
" "
Risk Difference
Risk Difference,95 % CI Lower,95 % CI Upper,z,p
0.002626970227670753,0.0013437530465224689,0.0039101874088190375,4.011874029747937,0.000060238642962589096
" "
" "
Risk Ratio
Risk Ratio,95 % CI Lower,95 % CI Upper
1.5714285714285714,1.2576574108897018,1.9634820529981432
" "
" "
Odds Ratio
Odds Ratio,95 % CI Lower,95 % CI Upper
1.5755867065679634,1.2593990055730049,1.971157241611604