﻿Outcome 1 Result 1b Kaplan-Meier Table
" "
Generated by TriNetX
" "
" "
Cohort Statistics
Cohort,Cohort Name,Patients in Cohort,Patients with Outcome,Median Survival (Days),Survival Probability at End of Time Window
1,CX1 7.0,27408,429,,0.9842989819556025
2,Unnamed,27408,263,,0.986939714371528
" "
" "
Log-Rank Test
χ²,df,p
4.728568784703187,1,0.02966556079115575
" "
" "
Hazard Ratio
Hazard Ratio,95 % CI Lower,95 % CI Upper
1.18569,1.016744,1.382708
" "
" "
Proportionality
χ²,df,p
2.593351,1,0.1073131