﻿Outcome 3 Result 3b Kaplan-Meier Table
" "
Generated by TriNetX
" "
Notes
164 patients in Cohort 1 and 134 patients in Cohort 2 were excluded from results because they had the outcome prior to the time window.
" "
" "
Cohort Statistics
Cohort,Cohort Name,Patients in Cohort,Patients with Outcome,Median Survival (Days),Survival Probability at End of Time Window
1,CX1 7.0,27244,159,,0.9941401843885257
2,Unnamed,27274,89,,0.9955256445557179
" "
" "
Log-Rank Test
χ²,df,p
3.3037306316327646,1,0.06912273049035561
" "
" "
Hazard Ratio
Hazard Ratio,95 % CI Lower,95 % CI Upper
1.271658,0.9807393,1.648873
" "
" "
Proportionality
χ²,df,p
4.715644,1,0.02988937