﻿Outcome 4 Result 4b Kaplan-Meier Table
" "
Generated by TriNetX
" "
Notes
2344 patients in Cohort 1 and 1554 patients in Cohort 2 were excluded from results because they had the outcome prior to the time window.
" "
" "
Cohort Statistics
Cohort,Cohort Name,Patients in Cohort,Patients with Outcome,Median Survival (Days),Survival Probability at End of Time Window
1,CX1 7.0,25064,933,,0.9626652045367693
2,Unnamed,25854,574,,0.9690122702683738
" "
" "
Log-Rank Test
χ²,df,p
10.662255559497355,1,0.001093439710043338
" "
" "
Hazard Ratio
Hazard Ratio,95 % CI Lower,95 % CI Upper
1.189011,1.071513,1.319393
" "
" "
Proportionality
χ²,df,p
13.99378,1,0.0001834167