﻿Outcome 5 Result 5a Measures of Association Table
" "
Generated by TriNetX
" "
Notes
3667 patients in Cohort 1 and 2791 patients in Cohort 2 were excluded from results because they had the outcome prior to the time window.
" "
" "
Cohort Statistics
Cohort,Cohort Name,Patients in Cohort,Patients with Outcome,Risk
1,CX1 7.0,23741,1289,0.05429425887704815
2,Unnamed,24617,726,0.029491814599666898
" "
" "
Risk Difference
Risk Difference,95 % CI Lower,95 % CI Upper,z,p
0.02480244427738125,0.021228214956588498,0.028376673598174,13.644766796297292,2.1690627317932745e-42
" "
" "
Risk Ratio
Risk Ratio,95 % CI Lower,95 % CI Upper
1.8409941746229948,1.6839145459095566,2.0127265716830736
" "
" "
Odds Ratio
Odds Ratio,95 % CI Lower,95 % CI Upper
1.8892767993819934,1.7219170305722398,2.0729029107150834