﻿Outcome 5 Result 5b Kaplan-Meier Table
" "
Generated by TriNetX
" "
Notes
3667 patients in Cohort 1 and 2791 patients in Cohort 2 were excluded from results because they had the outcome prior to the time window.
" "
" "
Cohort Statistics
Cohort,Cohort Name,Patients in Cohort,Patients with Outcome,Median Survival (Days),Survival Probability at End of Time Window
1,CX1 7.0,23741,1289,,0.9455461988787058
2,Unnamed,24617,726,,0.9588691209901292
" "
" "
Log-Rank Test
χ²,df,p
32.74617964783637,1,1.0501249142842646e-8
" "
" "
Hazard Ratio
Hazard Ratio,95 % CI Lower,95 % CI Upper
1.303374,1.189979,1.427576
" "
" "
Proportionality
χ²,df,p
34.91677,1,3.441041e-9