﻿Outcome 7 Result 7b Kaplan-Meier Table
" "
Generated by TriNetX
" "
Notes
87 patients in Cohort 1 and 45 patients in Cohort 2 were excluded from results because they had the outcome prior to the time window.
" "
" "
Cohort Statistics
Cohort,Cohort Name,Patients in Cohort,Patients with Outcome,Median Survival (Days),Survival Probability at End of Time Window
1,CX1 7.0,27321,28,,0.9989720279671572
2,Unnamed,27363,16,,0.9991698591818093
" "
" "
Log-Rank Test
χ²,df,p
0.5159357543743249,1,0.4725805415320907
" "
" "
Hazard Ratio
Hazard Ratio,95 % CI Lower,95 % CI Upper
1.252128,0.6770786,2.315573
" "
" "
Proportionality
χ²,df,p
0.1713261,1,0.6789359