﻿Outcome 2 Result 2b Kaplan-Meier Table
" "
Generated by TriNetX
" "
Notes
100 patients in Cohort 1 and 50 patients in Cohort 2 were excluded from results because they had the outcome prior to the time window.
" "
" "
Cohort Statistics
Cohort,Cohort Name,Patients in Cohort,Patients with Outcome,Median Survival (Days),Survival Probability at End of Time Window
1,CX1 7.0,27308,57,,0.9979064827439177
2,Unnamed,27358,28,,0.9985745954511158
" "
" "
Log-Rank Test
χ²,df,p
2.789638825345204,1,0.09487560893042743
" "
" "
Hazard Ratio
Hazard Ratio,95 % CI Lower,95 % CI Upper
1.467499,0.9330597,2.308056
" "
" "
Proportionality
χ²,df,p
0.1174783,1,0.7317858